{
    "1683292885.478258": {
        "left": 1,
        "right": 0
    },
    "1683292903.3928928": {
        "left": 2,
        "right": 1
    }
}